"","st_fips","st_year","st_state","st_stateabb","st_total","st_dem","st_rep","st_repshare","st_demshare","st_income","st_inc10k"
"1",1,1968,"Alabama","AL",1050,197,147,0.427325576543808,0.57267439365387,11662.7568359375,1.1662757396698
"2",2,1968,"Alaska","AK",83,35,38,0.520547926425934,0.479452043771744,20388.44921875,2.03884482383728
"3",4,1968,"Arizona","AZ",487,171,267,0.609589040279388,0.390410959720612,14864.884765625,1.48648846149445
"4",5,1968,"Arkansas","AR",610,185,189,0.505347609519958,0.494652420282364,11124.0810546875,1.11240816116333
"5",6,1968,"California","CA",7252,3244,3468,0.51668655872345,0.483313471078873,19362.400390625,1.93624007701874
"6",8,1968,"Colorado","CO",811,335,409,0.549731194972992,0.450268805027008,15724.201171875,1.57242012023926
"7",9,1968,"Connecticut","CT",1256,622,557,0.472434252500534,0.527565717697144,20666.337890625,2.06663370132446
"8",10,1968,"Delaware","DE",214,89,97,0.521505355834961,0.478494614362717,18857.92578125,1.88579261302948
"9",12,1968,"Florida","FL",2188,677,887,0.567135572433472,0.432864457368851,15621.5966796875,1.56215965747833
"10",13,1968,"Georgia","GA",1250,334,380,0.532212913036346,0.467787116765976,13449.79296875,1.34497928619385
"11",15,1968,"Hawaii","HI",236,141,91,0.392241388559341,0.607758641242981,19422.25390625,1.9422253370285
"12",16,1968,"Idaho","ID",291,89,165,0.649606287479401,0.350393712520599,13847.38671875,1.38473868370056
"13",17,1968,"Illinois","IL",4620,2040,2175,0.516014218330383,0.483985751867294,18562.9375,1.85629379749298
"14",18,1968,"Indiana","IN",2124,807,1068,0.569599986076355,0.430400013923645,15758.4033203125,1.57584035396576
"15",19,1968,"Iowa","IA",1168,477,619,0.564781010150909,0.435218989849091,15630.146484375,1.56301462650299
"16",20,1968,"Kansas","KS",873,303,479,0.612531960010529,0.387468039989471,15176.9755859375,1.51769757270813
"17",21,1968,"Kentucky","KY",1056,398,462,0.537209331989288,0.462790697813034,12624.677734375,1.26246774196625
"18",22,1968,"Louisiana","LA",1097,310,258,0.454225361347198,0.545774638652802,12346.7900390625,1.23467898368835
"19",23,1968,"Maine","ME",393,217,169,0.437823832035065,0.562176167964935,13385.6650390625,1.33856654167175
"20",24,1968,"Maryland","MD",1235,538,518,0.49053031206131,0.50946968793869,17938.7578125,1.79387581348419
"21",25,1968,"Massachusetts","MA",2332,1469,767,0.343023270368576,0.656976759433746,17960.1328125,1.79601323604584
"22",26,1968,"Michigan","MI",3306,1593,1371,0.462550610303879,0.537449419498444,17780.57421875,1.77805745601654
"23",27,1968,"Minnesota","MN",1589,858,659,0.434410005807877,0.565589964389801,16104.6943359375,1.61046946048737
"24",28,1968,"Mississippi","MS",655,151,89,0.370833337306976,0.629166662693024,10213.462890625,1.0213463306427
"25",29,1968,"Missouri","MO",1810,791,812,0.506550192832947,0.493449777364731,15249.6533203125,1.52496528625488
"26",30,1968,"Montana","MT",274,114,139,0.549407124519348,0.450592875480652,14018.39453125,1.4018394947052
"27",31,1968,"Nebraska","NE",537,171,321,0.652438998222351,0.347560971975327,15262.4794921875,1.52624797821045
"28",32,1968,"Nevada","NV",154,61,73,0.544776141643524,0.455223888158798,19276.896484375,1.92768967151642
"29",33,1968,"New Hampshire","NH",297,131,155,0.541958034038544,0.458041965961456,15972.1630859375,1.59721636772156
"30",34,1968,"New Jersey","NJ",2875,1264,1325,0.511780619621277,0.488219380378723,19289.720703125,1.92897212505341
"31",35,1968,"New Mexico","NM",327,130,170,0.566666662693024,0.433333337306976,12440.8447265625,1.24408447742462
"32",36,1968,"New York","NY",6790,3378,3008,0.471030384302139,0.528969645500183,19614.63671875,1.96146368980408
"33",37,1968,"North Carolina","NC",1587,464,627,0.574702084064484,0.425297886133194,12979.5205078125,1.29795205593109
"34",38,1968,"North Dakota","ND",248,95,139,0.594017088413239,0.405982911586761,13150.5283203125,1.31505286693573
"35",39,1968,"Ohio","OH",3960,1701,1791,0.512886583805084,0.487113416194916,16758.80078125,1.67588007450104
"36",40,1968,"Oklahoma","OK",943,302,450,0.598404228687286,0.401595741510391,13680.6533203125,1.36806535720825
"37",41,1968,"Oregon","OR",820,359,408,0.53194260597229,0.468057364225388,15664.3486328125,1.56643486022949
"38",42,1968,"Pennsylvania","PA",4748,2259,2090,0.480570256710052,0.519429743289948,16288.5283203125,1.62885284423828
"39",44,1968,"Rhode Island","RI",385,247,122,0.330623298883438,0.66937667131424,16472.361328125,1.64723610877991
"40",45,1968,"South Carolina","SC",667,197,254,0.563192903995514,0.436807096004486,12026.1494140625,1.20261490345001
"41",46,1968,"South Dakota","SD",281,118,150,0.559701502323151,0.440298497676849,12864.08984375,1.28640902042389
"42",47,1968,"Tennessee","TN",1249,351,473,0.57402914762497,0.425970882177353,12603.3017578125,1.26033020019531
"43",48,1968,"Texas","TX",3079,1267,1228,0.492184370756149,0.507815659046173,14368.9619140625,1.43689620494843
"44",49,1968,"Utah","UT",423,157,239,0.603535354137421,0.396464645862579,13223.20703125,1.32232069969177
"45",50,1968,"Vermont","VT",161,70,85,0.548387110233307,0.451612889766693,14407.4384765625,1.44074380397797
"46",51,1968,"Virginia","VA",1361,442,590,0.571705400943756,0.428294569253922,15194.076171875,1.51940762996674
"47",53,1968,"Washington","WA",1304,616,589,0.488796681165695,0.511203348636627,17451.384765625,1.74513852596283
"48",54,1968,"West Virginia","WV",754,374,308,0.451612889766693,0.548387110233307,11919.26953125,1.19192695617676
"49",55,1968,"Wisconsin","WI",1692,749,810,0.519563794136047,0.48043617606163,16014.9150390625,1.60149145126343
"50",56,1968,"Wyoming","WY",127,45,71,0.612068951129913,0.387931048870087,15249.6533203125,1.52496528625488
"51",1,1972,"Alabama","AL",1006,257,729,0.739350914955139,0.260649085044861,13216.3857421875,1.32163858413696
"52",2,1972,"Alaska","AK",95,33,55,0.625,0.375,22356.373046875,2.23563718795776
"53",4,1972,"Arizona","AZ",654,199,403,0.669435203075409,0.330564796924591,16834.845703125,1.68348455429077
"54",5,1972,"Arkansas","AR",648,199,446,0.691472887992859,0.308527141809464,12747.1865234375,1.2747186422348
"55",6,1972,"California","CA",8368,3476,4602,0.569695472717285,0.430304527282715,20472.072265625,2.04720711708069
"56",8,1972,"Colorado","CO",954,330,597,0.644012928009033,0.355987042188644,17964.67578125,1.79646754264832
"57",9,1972,"Connecticut","CT",1384,555,811,0.593704223632812,0.406295746564865,21372.93359375,2.13729333877563
"58",10,1972,"Delaware","DE",236,92,140,0.603448271751404,0.396551728248596,19886.51171875,1.98865115642548
"59",12,1972,"Florida","FL",2583,718,1858,0.721273303031921,0.278726696968079,17668.140625,1.76681411266327
"60",13,1972,"Georgia","GA",1175,290,881,0.75234842300415,0.24765157699585,15100.6865234375,1.51006865501404
"61",15,1972,"Hawaii","HI",270,101,169,0.625925898551941,0.374074071645737,21346.658203125,2.13466572761536
"62",16,1972,"Idaho","ID",310,81,199,0.710714280605316,0.289285719394684,15461.03125,1.54610311985016
"63",17,1972,"Illinois","IL",4723,1913,2788,0.593065321445465,0.406934708356857,19755.13671875,1.97551369667053
"64",18,1972,"Indiana","IN",2126,709,1405,0.664616823196411,0.335383147001266,16620.890625,1.66208910942078
"65",19,1972,"Iowa","IA",1226,496,706,0.587354421615601,0.412645578384399,16842.3515625,1.68423521518707
"66",20,1972,"Kansas","KS",916,270,620,0.696629226207733,0.303370773792267,17326.564453125,1.73265647888184
"67",21,1972,"Kentucky","KY",1067,371,676,0.645654261112213,0.354345738887787,13873.263671875,1.38732635974884
"68",22,1972,"Louisiana","LA",1051,298,687,0.697461903095245,0.302538067102432,13430.33984375,1.34303402900696
"69",23,1972,"Maine","ME",417,161,256,0.613908886909485,0.386091113090515,14485.0986328125,1.44850981235504
"70",24,1972,"Maryland","MD",1354,506,829,0.620973765850067,0.37902620434761,19826.455078125,1.9826455116272
"71",25,1972,"Massachusetts","MA",2459,1333,1112,0.454805731773376,0.545194268226624,19177.083984375,1.91770839691162
"72",26,1972,"Michigan","MI",3490,1459,1962,0.573516488075256,0.426483482122421,18644.07421875,1.86440742015839
"73",27,1972,"Minnesota","MN",1742,802,898,0.52823531627655,0.471764713525772,17322.810546875,1.73228108882904
"74",28,1972,"Mississippi","MS",646,127,505,0.799050629138947,0.200949370861053,11962.6865234375,1.19626867771149
"75",29,1972,"Missouri","MO",1853,699,1154,0.622773885726929,0.377226114273071,16695.962890625,1.66959631443024
"76",30,1972,"Montana","MT",318,120,184,0.60526317358017,0.394736856222153,16260.5458984375,1.62605464458466
"77",31,1972,"Nebraska","NE",576,170,406,0.704861104488373,0.295138895511627,16992.49609375,1.69924962520599
"78",32,1972,"Nevada","NV",182,66,116,0.637362658977509,0.362637370824814,20892.474609375,2.08924746513367
"79",33,1972,"New Hampshire","NH",334,116,214,0.648484826087952,0.351515144109726,16587.107421875,1.65871071815491
"80",34,1972,"New Jersey","NJ",2997,1102,1846,0.626187264919281,0.373812764883041,20716.0546875,2.07160544395447
"81",35,1972,"New Mexico","NM",386,141,236,0.625994682312012,0.374005317687988,14083.46484375,1.40834653377533
"82",36,1972,"New York","NY",7162,2951,4193,0.586926102638245,0.413073897361755,20753.591796875,2.07535910606384
"83",37,1972,"North Carolina","NC",1519,439,1055,0.706157982349396,0.293842047452927,14578.9384765625,1.45789384841919
"84",38,1972,"North Dakota","ND",281,100,174,0.635036468505859,0.364963501691818,16470.74609375,1.64707458019257
"85",39,1972,"Ohio","OH",4095,1559,2442,0.610347390174866,0.389652580022812,17585.5625,1.75855624675751
"86",40,1972,"Oklahoma","OK",1030,247,759,0.754473149776459,0.24552683532238,15078.1650390625,1.50781655311584
"87",41,1972,"Oregon","OR",928,393,487,0.553409099578857,0.446590900421143,17285.275390625,1.72852754592896
"88",42,1972,"Pennsylvania","PA",4592,1797,2715,0.601728737354279,0.398271262645721,17566.794921875,1.75667953491211
"89",44,1972,"Rhode Island","RI",416,195,220,0.530120491981506,0.469879508018494,17337.826171875,1.73378264904022
"90",45,1972,"South Carolina","SC",678,189,478,0.716641664505005,0.283358335494995,13482.890625,1.34828901290894
"91",46,1972,"South Dakota","SD",307,140,166,0.542483687400818,0.457516342401505,15277.10546875,1.52771055698395
"92",47,1972,"Tennessee","TN",1201,357,813,0.694871783256531,0.305128216743469,14248.6220703125,1.42486226558685
"93",48,1972,"Texas","TX",3471,1154,2299,0.665797829627991,0.334202140569687,15693.75390625,1.56937539577484
"94",49,1972,"Utah","UT",478,126,324,0.72000002861023,0.280000001192093,14939.2822265625,1.49392819404602
"95",50,1972,"Vermont","VT",187,68,117,0.632432460784912,0.36756756901741,15588.6533203125,1.5588653087616
"96",51,1972,"Virginia","VA",1457,439,988,0.69236159324646,0.30763840675354,16834.845703125,1.68348455429077
"97",53,1972,"Washington","WA",1471,568,837,0.595729529857635,0.404270470142365,17724.4453125,1.77244448661804
"98",54,1972,"West Virginia","WV",762,277,485,0.636482954025269,0.363517045974731,13786.9306640625,1.37869310379028
"99",55,1972,"Wisconsin","WI",1853,810,989,0.549749851226807,0.450250148773193,17255.24609375,1.72552466392517
"100",56,1972,"Wyoming","WY",146,44,100,0.694444417953491,0.305555552244186,17600.576171875,1.76005756855011
"101",1,1976,"Alabama","AL",1183,659,504,0.433362007141113,0.566637992858887,14647.67578125,1.46476757526398
"102",2,1976,"Alaska","AK",124,44,72,0.620689630508423,0.379310339689255,33434.3125,3.34343123435974
"103",4,1976,"Arizona","AZ",743,296,419,0.586013972759247,0.413986027240753,16740.595703125,1.67405962944031
"104",5,1976,"Arkansas","AR",769,500,269,0.349804937839508,0.650195062160492,14209.23828125,1.42092382907867
"105",6,1976,"California","CA",7867,3742,3882,0.509181559085846,0.490818470716476,21577.1953125,2.15771961212158
"106",8,1976,"Colorado","CO",1081,460,584,0.559386968612671,0.440613031387329,18998.962890625,1.89989626407623
"107",9,1976,"Connecticut","CT",1382,648,719,0.52596926689148,0.47403073310852,21737.12890625,2.17371296882629
"108",10,1976,"Delaware","DE",236,123,110,0.472102999687195,0.527897000312805,20259.126953125,2.02591276168823
"109",12,1976,"Florida","FL",3151,1636,1470,0.473277539014816,0.526722490787506,17562.3203125,1.75623202323914
"110",13,1976,"Georgia","GA",1467,979,484,0.330827057361603,0.669172942638397,15684.484375,1.56844842433929
"111",15,1976,"Hawaii","HI",291,147,140,0.487804889678955,0.512195110321045,21759.189453125,2.17591905593872
"112",16,1976,"Idaho","ID",341,127,204,0.616314172744751,0.383685797452927,16787.47265625,1.67874729633331
"113",17,1976,"Illinois","IL",4719,2271,2364,0.51003235578537,0.48996764421463,21020.1875,2.1020188331604
"114",18,1976,"Indiana","IN",2220,1015,1184,0.538426578044891,0.461573451757431,17923.548828125,1.7923549413681
"115",19,1976,"Iowa","IA",1279,620,633,0.505187571048737,0.494812458753586,18149.662109375,1.81496620178223
"116",20,1976,"Kansas","KS",958,430,503,0.539121091365814,0.460878878831863,18510.890625,1.85108911991119
"117",21,1976,"Kentucky","KY",1167,616,532,0.463414639234543,0.53658539056778,15033.7216796875,1.50337219238281
"118",22,1976,"Louisiana","LA",1278,661,587,0.470352560281754,0.529647409915924,15317.7412109375,1.53177416324615
"119",23,1976,"Maine","ME",483,232,236,0.504273533821106,0.495726495981216,15723.0888671875,1.57230889797211
"120",24,1976,"Maryland","MD",1432,760,673,0.469644099473953,0.530355870723724,20783.044921875,2.07830452919006
"121",25,1976,"Massachusetts","MA",2548,1429,1030,0.418869465589523,0.581130564212799,19296.76953125,1.92967700958252
"122",26,1976,"Michigan","MI",3654,1697,1894,0.527429699897766,0.472570300102234,19555.970703125,1.95559704303741
"123",27,1976,"Minnesota","MN",1950,1070,819,0.433562725782394,0.566437244415283,18524.677734375,1.85246777534485
"124",28,1976,"Mississippi","MS",769,381,367,0.490641713142395,0.509358286857605,13081.43359375,1.30814337730408
"125",29,1976,"Missouri","MO",1954,998,927,0.481558442115784,0.518441557884216,17396.873046875,1.73968732357025
"126",30,1976,"Montana","MT",329,149,174,0.538699686527252,0.461300313472748,17071.4921875,1.70714926719666
"127",31,1976,"Nebraska","NE",608,234,360,0.60606062412262,0.393939405679703,17749.828125,1.77498281002045
"128",32,1976,"Nevada","NV",202,92,101,0.523316085338593,0.47668394446373,21356.599609375,2.13565993309021
"129",33,1976,"New Hampshire","NH",340,148,186,0.556886255741119,0.443113774061203,17247.96875,1.72479689121246
"130",34,1976,"New Jersey","NJ",3014,1445,1510,0.5109983086586,0.4890016913414,21243.54296875,2.12435436248779
"131",35,1976,"New Mexico","NM",417,201,211,0.512135922908783,0.487864077091217,15229.501953125,1.52295017242432
"132",36,1976,"New York","NY",6525,3390,3101,0.477738410234451,0.522261619567871,20603.810546875,2.06038093566895
"133",37,1976,"North Carolina","NC",1678,927,742,0.444577604532242,0.555422425270081,15383.9208984375,1.53839206695557
"134",38,1976,"North Dakota","ND",297,136,153,0.529411792755127,0.470588237047195,17049.431640625,1.70494318008423
"135",39,1976,"Ohio","OH",4112,2012,2001,0.498629450798035,0.501370549201965,18612.916015625,1.8612916469574
"136",40,1976,"Oklahoma","OK",1092,532,546,0.506493508815765,0.493506491184235,16484.150390625,1.64841508865356
"137",41,1976,"Oregon","OR",1030,490,492,0.501018345355988,0.498981684446335,19034.810546875,1.90348100662231
"138",42,1976,"Pennsylvania","PA",4621,2329,2206,0.486438810825348,0.513561189174652,18748.033203125,1.87480330467224
"139",44,1976,"Rhode Island","RI",411,228,181,0.442542791366577,0.557457208633423,17669.86328125,1.76698637008667
"140",45,1976,"South Carolina","SC",803,451,346,0.434127986431122,0.565872013568878,14493.2578125,1.44932579994202
"141",46,1976,"South Dakota","SD",301,147,152,0.508361220359802,0.49163880944252,15403.22265625,1.54032230377197
"142",47,1976,"Tennessee","TN",1476,826,634,0.434246569871902,0.565753400325775,15353.587890625,1.53535878658295
"143",48,1976,"Texas","TX",4072,2082,1953,0.484014868736267,0.515985131263733,17523.716796875,1.75237166881561
"144",49,1976,"Utah","UT",541,182,338,0.649999976158142,0.349999994039536,15883.0224609375,1.58830225467682
"145",50,1976,"Vermont","VT",188,81,102,0.5573770403862,0.4426229596138,15833.3876953125,1.58333873748779
"146",51,1976,"Virginia","VA",1697,814,837,0.506965458393097,0.493034511804581,18061.423828125,1.80614233016968
"147",53,1976,"Washington","WA",1556,717,778,0.520401358604431,0.479598671197891,19782.083984375,1.97820842266083
"148",54,1976,"West Virginia","WV",751,436,315,0.419440746307373,0.580559253692627,15080.5986328125,1.50805985927582
"149",55,1976,"Wisconsin","WI",2101,1040,1005,0.491442531347275,0.508557438850403,18408.86328125,1.84088635444641
"150",56,1976,"Wyoming","WY",156,62,93,0.600000023841858,0.400000005960464,19919.95703125,1.99199569225311
"151",1,1980,"Alabama","AL",1342,637,654,0.506584048271179,0.493415951728821,14920.732421875,1.49207329750061
"152",2,1980,"Alaska","AK",158,42,86,0.671875,0.328125,28306.740234375,2.83067393302917
"153",4,1980,"Arizona","AZ",874,247,530,0.682110667228699,0.317889332771301,18134.8984375,1.81348979473114
"154",5,1980,"Arkansas","AR",838,398,403,0.503121078014374,0.496878892183304,14326.6455078125,1.43266451358795
"155",6,1980,"California","CA",8587,3084,4525,0.594690501689911,0.405309498310089,22756.212890625,2.27562117576599
"156",8,1980,"Colorado","CO",1184,368,652,0.639215707778931,0.360784322023392,20461.740234375,2.04617404937744
"157",9,1980,"Connecticut","CT",1406,542,677,0.555373251438141,0.444626748561859,23529.287109375,2.35292863845825
"158",10,1980,"Delaware","DE",236,106,111,0.511520743370056,0.488479256629944,20465.548828125,2.04655480384827
"159",12,1980,"Florida","FL",3687,1419,2047,0.590594351291656,0.409405648708344,18913.685546875,1.89136850833893
"160",13,1980,"Georgia","GA",1597,891,654,0.423300981521606,0.576699018478394,16032.7421875,1.60327422618866
"161",15,1980,"Hawaii","HI",303,136,130,0.488721817731857,0.511278212070465,21788.916015625,2.17889165878296
"162",16,1980,"Idaho","ID",437,110,291,0.725685775279999,0.274314224720001,16466.8828125,1.64668822288513
"163",17,1980,"Illinois","IL",4750,1981,2358,0.543443202972412,0.456556797027588,20954.908203125,2.0954909324646
"164",18,1980,"Indiana","IN",2242,844,1256,0.598095238208771,0.401904761791229,17849.279296875,1.78492796421051
"165",19,1980,"Iowa","IA",1318,509,676,0.570464134216309,0.429535865783691,18251.048828125,1.82510483264923
"166",20,1980,"Kansas","KS",980,326,567,0.634938418865204,0.365061581134796,18951.767578125,1.89517676830292
"167",21,1980,"Kentucky","KY",1295,616,635,0.507593929767609,0.492406070232391,15571.9443359375,1.55719447135925
"168",22,1980,"Louisiana","LA",1549,708,793,0.528314471244812,0.471685528755188,16712.515625,1.67125153541565
"169",23,1980,"Maine","ME",523,221,239,0.519565224647522,0.480434775352478,15893.7412109375,1.58937406539917
"170",24,1980,"Maryland","MD",1540,726,681,0.484008520841599,0.515991449356079,21301.458984375,2.13014578819275
"171",25,1980,"Massachusetts","MA",2524,1054,1058,0.500946998596191,0.499053031206131,20187.544921875,2.01875448226929
"172",26,1980,"Michigan","MI",3910,1662,1915,0.535364806652069,0.464635163545609,19639.158203125,1.96391582489014
"173",27,1980,"Minnesota","MN",2052,954,873,0.477832525968552,0.522167503833771,19528.71875,1.95287191867828
"174",28,1980,"Mississippi","MS",893,429,441,0.506896555423737,0.493103444576263,13342.2119140625,1.33422124385834
"175",29,1980,"Missouri","MO",2100,931,1074,0.535660862922668,0.464339166879654,17754.072265625,1.77540719509125
"176",30,1980,"Montana","MT",364,118,207,0.63692307472229,0.36307692527771,17247.57421875,1.72475743293762
"177",31,1980,"Nebraska","NE",641,167,420,0.715502560138702,0.284497439861298,17441.794921875,1.74417948722839
"178",32,1980,"Nevada","NV",248,67,155,0.698198199272156,0.301801800727844,22278.275390625,2.22782754898071
"179",33,1980,"New Hampshire","NH",384,109,222,0.670694887638092,0.32930514216423,18755.642578125,1.87556421756744
"180",34,1980,"New Jersey","NJ",2976,1147,1547,0.574239075183868,0.425760954618454,22291.60546875,2.22916054725647
"181",35,1980,"New Mexico","NM",457,168,251,0.59904533624649,0.40095466375351,15891.8369140625,1.58918368816376
"182",36,1980,"New York","NY",6202,2728,2894,0.514763414859772,0.485236585140228,20973.94921875,2.0973949432373
"183",37,1980,"North Carolina","NC",1856,876,915,0.510887801647186,0.489112228155136,15604.314453125,1.56043148040771
"184",38,1980,"North Dakota","ND",302,79,194,0.710622727870941,0.289377301931381,15055.92578125,1.50559258460999
"185",39,1980,"Ohio","OH",4284,1752,2207,0.557464003562927,0.442535996437073,19128.8515625,1.9128851890564
"186",40,1980,"Oklahoma","OK",1150,402,696,0.633879780769348,0.366120219230652,18100.623046875,1.81006228923798
"187",41,1980,"Oregon","OR",1182,457,571,0.555447459220886,0.444552540779114,19256.427734375,1.92564272880554
"188",42,1980,"Pennsylvania","PA",4562,1938,2262,0.538571417331696,0.461428582668304,19203.11328125,1.92031133174896
"189",44,1980,"Rhode Island","RI",416,198,155,0.439093470573425,0.560906529426575,18426.228515625,1.8426228761673
"190",45,1980,"South Carolina","SC",894,430,442,0.506880760192871,0.493119269609451,14743.6494140625,1.47436499595642
"191",46,1980,"South Dakota","SD",328,104,198,0.65562915802002,0.344370871782303,15372.0107421875,1.53720104694366
"192",47,1980,"Tennessee","TN",1618,783,788,0.501591324806213,0.498408645391464,15726.177734375,1.57261776924133
"193",48,1980,"Texas","TX",4542,1881,2511,0.571721315383911,0.428278684616089,18812.767578125,1.88127672672272
"194",49,1980,"Utah","UT",604,124,440,0.780141830444336,0.219858154654503,16186.9765625,1.61869764328003
"195",50,1980,"Vermont","VT",213,82,95,0.536723136901855,0.463276833295822,16400.23828125,1.6400238275528
"196",51,1980,"Virginia","VA",1866,752,990,0.568312287330627,0.431687712669373,19315.455078125,1.93154549598694
"197",53,1980,"Washington","WA",1742,650,865,0.570957124233246,0.429042905569077,20625.494140625,2.06254935264587
"198",54,1980,"West Virginia","WV",738,367,334,0.476462185382843,0.523537814617157,15457.6962890625,1.545769572258
"199",55,1980,"Wisconsin","WI",2273,982,1089,0.525832951068878,0.474167078733444,19245.00390625,1.92450034618378
"200",56,1980,"Wyoming","WY",177,49,111,0.693750023841858,0.306250005960464,22312.55078125,2.23125505447388
"201",1,1984,"Alabama","AL",1442,552,873,0.612631559371948,0.387368410825729,16313.673828125,1.63136732578278
"202",2,1984,"Alaska","AK",208,62,138,0.689999997615814,0.310000002384186,29451.59375,2.94515943527222
"203",4,1984,"Arizona","AZ",1026,334,681,0.670935988426208,0.329064041376114,19459.224609375,1.94592249393463
"204",5,1984,"Arkansas","AR",884,339,535,0.612128138542175,0.387871861457825,15963.3291015625,1.5963329076767
"205",6,1984,"California","CA",9505,3923,5467,0.582215130329132,0.417784869670868,24152.6328125,2.41526317596436
"206",8,1984,"Colorado","CO",1295,455,822,0.643696188926697,0.356303840875626,22316.34375,2.23163437843323
"207",9,1984,"Connecticut","CT",1467,570,891,0.609856247901917,0.390143722295761,26535.580078125,2.65355801582336
"208",10,1984,"Delaware","DE",255,102,152,0.598425209522247,0.401574790477753,22337.486328125,2.2337486743927
"209",12,1984,"Florida","FL",4180,1449,2730,0.653266310691833,0.346733659505844,20812.279296875,2.08122801780701
"210",13,1984,"Georgia","GA",1776,707,1069,0.601914405822754,0.398085594177246,18436.8828125,1.84368824958801
"211",15,1984,"Hawaii","HI",336,147,185,0.557228922843933,0.442771077156067,22553.431640625,2.25534319877625
"212",16,1984,"Idaho","ID",411,109,298,0.732186734676361,0.267813265323639,16722.912109375,1.67229115962982
"213",17,1984,"Illinois","IL",4819,2086,2707,0.564781963825226,0.435218036174774,22459.8046875,2.24598050117493
"214",18,1984,"Indiana","IN",2233,841,1377,0.620829582214355,0.379170417785645,18820.44921875,1.88204491138458
"215",19,1984,"Iowa","IA",1320,606,703,0.537051200866699,0.462948828935623,19459.224609375,1.94592249393463
"216",20,1984,"Kansas","KS",1022,333,677,0.670297026634216,0.329702973365784,20727.712890625,2.07277131080627
"217",21,1984,"Kentucky","KY",1369,540,822,0.603524208068848,0.39647576212883,16810.498046875,1.68104982376099
"218",22,1984,"Louisiana","LA",1707,652,1037,0.613972783088684,0.386027246713638,17621.42578125,1.76214253902435
"219",23,1984,"Maine","ME",553,215,337,0.610507249832153,0.389492750167847,17648.607421875,1.76486074924469
"220",24,1984,"Maryland","MD",1676,788,880,0.527577936649323,0.472422063350677,23864.203125,2.38642024993896
"221",25,1984,"Massachusetts","MA",2559,1240,1311,0.51391613483429,0.486083894968033,23743.39453125,2.37433934211731
"222",26,1984,"Michigan","MI",3802,1530,2252,0.595452129840851,0.404547870159149,20614.455078125,2.06144547462463
"223",27,1984,"Minnesota","MN",2084,1036,1033,0.499274998903275,0.500724971294403,21670.01953125,2.16700196266174
"224",28,1984,"Mississippi","MS",941,352,582,0.623126327991486,0.376873672008514,14220.6669921875,1.4220666885376
"225",29,1984,"Missouri","MO",2123,849,1274,0.600094199180603,0.399905800819397,19777.85546875,1.97778558731079
"226",30,1984,"Montana","MT",384,147,232,0.612137198448181,0.387862801551819,17677.298828125,1.7677298784256
"227",31,1984,"Nebraska","NE",652,188,460,0.709876537322998,0.290123462677002,19795.978515625,1.97959780693054
"228",32,1984,"Nevada","NV",287,92,189,0.672597885131836,0.327402144670486,22074.7265625,2.20747256278992
"229",33,1984,"New Hampshire","NH",389,120,267,0.689922451972961,0.310077518224716,21967.509765625,2.19675087928772
"230",34,1984,"New Jersey","NJ",3218,1261,1934,0.605320811271667,0.394679188728333,25064.736328125,2.50647354125977
"231",35,1984,"New Mexico","NM",514,202,307,0.603143393993378,0.3968565762043,17086.84765625,1.70868480205536
"232",36,1984,"New York","NY",6807,3120,3665,0.540162146091461,0.459837883710861,23932.158203125,2.3932158946991
"233",37,1984,"North Carolina","NC",2175,824,1346,0.620276510715485,0.379723489284515,17882.673828125,1.7882673740387
"234",38,1984,"North Dakota","ND",309,104,200,0.657894730567932,0.342105269432068,18661.888671875,1.86618888378143
"235",39,1984,"Ohio","OH",4548,1825,2679,0.594804644584656,0.405195385217667,20368.30859375,2.03683090209961
"236",40,1984,"Oklahoma","OK",1256,385,862,0.691259026527405,0.308740973472595,19226.66796875,1.9226667881012
"237",41,1984,"Oregon","OR",1227,536,686,0.56137478351593,0.43862521648407,19453.18359375,1.94531834125519
"238",42,1984,"Pennsylvania","PA",4845,2228,2584,0.536990880966187,0.463009148836136,20470.994140625,2.04709935188293
"239",44,1984,"Rhode Island","RI",410,197,212,0.518337428569794,0.481662601232529,20696,2.06960010528564
"240",45,1984,"South Carolina","SC",969,344,616,0.641666650772095,0.358333319425583,16528.109375,1.65281093120575
"241",46,1984,"South Dakota","SD",318,116,200,0.632911384105682,0.367088615894318,17669.748046875,1.76697480678558
"242",47,1984,"Tennessee","TN",1712,712,990,0.581668615341187,0.418331384658813,17388.869140625,1.73888695240021
"243",48,1984,"Texas","TX",5398,1949,3433,0.637866973876953,0.362133026123047,20342.63671875,2.03426361083984
"244",49,1984,"Utah","UT",630,155,469,0.751602590084076,0.248397439718246,17262.01953125,1.7262020111084
"245",50,1984,"Vermont","VT",235,96,136,0.586206912994385,0.413793116807938,18181.673828125,1.81816732883453
"246",51,1984,"Virginia","VA",2147,796,1337,0.626816689968109,0.373183310031891,21722.873046875,2.17228722572327
"247",53,1984,"Washington","WA",1884,807,1052,0.565895617008209,0.434104353189468,21236.619140625,2.12366199493408
"248",54,1984,"West Virginia","WV",736,328,405,0.552523851394653,0.447476118803024,15717.181640625,1.57171821594238
"249",55,1984,"Wisconsin","WI",2212,996,1199,0.546241462230682,0.453758537769318,19918.296875,1.99182963371277
"250",56,1984,"Wyoming","WY",189,53,133,0.715053737163544,0.284946233034134,20501.197265625,2.05011963844299
"251",1,1988,"Alabama","AL",1378,550,816,0.597364544868469,0.402635425329208,18167.5078125,1.8167507648468
"252",2,1988,"Alaska","AK",200,73,119,0.619791686534882,0.380208343267441,26402.435546875,2.64024353027344
"253",4,1988,"Arizona","AZ",1172,454,703,0.607605874538422,0.392394125461578,20725.919921875,2.07259202003479
"254",5,1988,"Arkansas","AR",828,349,467,0.572303950786591,0.427696079015732,17110.455078125,1.71104550361633
"255",6,1988,"California","CA",9887,4702,5055,0.518089592456818,0.481910437345505,25993.939453125,2.59939384460449
"256",8,1988,"Colorado","CO",1372,621,728,0.539659023284912,0.46034100651741,22719.33203125,2.27193331718445
"257",9,1988,"Connecticut","CT",1443,677,750,0.525578141212463,0.474421858787537,31544.458984375,3.15444588661194
"258",10,1988,"Delaware","DE",250,109,140,0.562249004840851,0.437750995159149,25207.44921875,2.52074503898621
"259",12,1988,"Florida","FL",4302,1657,2619,0.612488329410553,0.387511700391769,23045.599609375,2.30455994606018
"260",13,1988,"Georgia","GA",1810,715,1081,0.601893067359924,0.398106902837753,20873.13671875,2.08731365203857
"261",15,1988,"Hawaii","HI",354,192,159,0.452991455793381,0.547008574008942,24763.142578125,2.47631430625916
"262",16,1988,"Idaho","ID",409,147,254,0.633416473865509,0.366583555936813,17895.619140625,1.78956186771393
"263",17,1988,"Illinois","IL",4559,2216,2311,0.510492622852325,0.489507406949997,24686.21875,2.46862196922302
"264",18,1988,"Indiana","IN",2169,861,1298,0.6012042760849,0.3987957239151,20520.34375,2.05203437805176
"265",19,1988,"Iowa","IA",1226,671,545,0.448190778493881,0.551809191703796,20320.07421875,2.03200745582581
"266",20,1988,"Kansas","KS",993,423,554,0.567041993141174,0.432958036661148,21585.353515625,2.15853524208069
"267",21,1988,"Kentucky","KY",1323,580,734,0.558599710464478,0.441400289535522,17989.78515625,1.79897856712341
"268",22,1988,"Louisiana","LA",1628,717,884,0.552154898643494,0.447845101356506,17289.50390625,1.72895038127899
"269",23,1988,"Maine","ME",555,244,307,0.557168781757355,0.442831218242645,20836.001953125,2.08360028266907
"270",24,1988,"Maryland","MD",1714,826,876,0.514688611030579,0.485311388969421,27297.681640625,2.7297682762146
"271",25,1988,"Massachusetts","MA",2633,1401,1195,0.460323572158813,0.539676427841187,28304.333984375,2.83043336868286
"272",26,1988,"Michigan","MI",3669,1676,1965,0.539686918258667,0.460313111543655,22584.05078125,2.25840497016907
"273",27,1988,"Minnesota","MN",2097,1109,962,0.464509904384613,0.535490095615387,23224.6484375,2.32246494293213
"274",28,1988,"Mississippi","MS",932,364,558,0.605206072330475,0.394793927669525,15333.2275390625,1.53332281112671
"275",29,1988,"Missouri","MO",2094,1002,1085,0.519885003566742,0.480114996433258,21228.58203125,2.12285828590393
"276",30,1988,"Montana","MT",366,169,190,0.529247939586639,0.470752090215683,17634.33984375,1.76343393325806
"277",31,1988,"Nebraska","NE",661,259,398,0.605783879756927,0.394216120243073,21179.509765625,2.11795091629028
"278",32,1988,"Nevada","NV",350,133,206,0.607669591903687,0.392330378293991,24096.01953125,2.40960192680359
"279",33,1988,"New Hampshire","NH",451,164,282,0.632286965847015,0.367713004350662,25946.193359375,2.5946192741394
"280",34,1988,"New Jersey","NJ",3100,1320,1743,0.569049954414368,0.430950045585632,29162.443359375,2.91624426841736
"281",35,1988,"New Mexico","NM",521,244,270,0.525291800498962,0.474708169698715,17634.33984375,1.76343393325806
"282",36,1988,"New York","NY",6486,3348,3082,0.47931569814682,0.52068430185318,27556.30859375,2.75563097000122
"283",37,1988,"North Carolina","NC",2134,890,1237,0.581570267677307,0.41842970252037,20422.19921875,2.04221987724304
"284",38,1988,"North Dakota","ND",297,128,167,0.566101670265198,0.43389829993248,16884.986328125,1.68849861621857
"285",39,1988,"Ohio","OH",4394,1940,2417,0.554739475250244,0.445260494947433,22061.4921875,2.20614910125732
"286",40,1988,"Oklahoma","OK",1171,483,678,0.583979308605194,0.416020661592484,18854.525390625,1.88545250892639
"287",41,1988,"Oregon","OR",1202,616,560,0.476190477609634,0.523809552192688,21020.35546875,2.10203552246094
"288",42,1988,"Pennsylvania","PA",4536,2195,2300,0.511679649353027,0.488320350646973,22802.888671875,2.28028893470764
"289",44,1988,"Rhode Island","RI",405,225,178,0.441687345504761,0.558312654495239,23932.88671875,2.39328861236572
"290",45,1988,"South Carolina","SC",986,371,606,0.620266139507294,0.379733890295029,18467.248046875,1.84672474861145
"291",46,1988,"South Dakota","SD",313,146,165,0.530546605587006,0.469453364610672,18192.70703125,1.81927073001862
"292",47,1988,"Tennessee","TN",1636,680,947,0.582052886486053,0.417947143316269,19703.349609375,1.97033500671387
"293",48,1988,"Texas","TX",5427,2353,3037,0.563450813293457,0.436549156904221,20325.37890625,2.03253793716431
"294",49,1988,"Utah","UT",647,207,428,0.674015760421753,0.325984239578247,17496.40625,1.749640583992
"295",50,1988,"Vermont","VT",243,116,124,0.516666650772095,0.483333319425583,21210.015625,2.12100148200989
"296",51,1988,"Virginia","VA",2192,860,1309,0.603503942489624,0.396496087312698,24554.916015625,2.45549154281616
"297",53,1988,"Washington","WA",1865,934,904,0.491838961839676,0.508161067962646,22767.078125,2.27670788764954
"298",54,1988,"West Virginia","WV",653,341,310,0.476190477609634,0.523809552192688,16610.443359375,1.66104435920715
"299",55,1988,"Wisconsin","WI",2192,1127,1047,0.481600731611252,0.518399238586426,21296.22265625,2.12962222099304
"300",56,1988,"Wyoming","WY",177,67,107,0.61494255065918,0.385057479143143,19785.580078125,1.97855806350708
"301",1,1992,"Alabama","AL",1688,690,804,0.538152635097504,0.461847394704819,19377.09375,1.93770933151245
"302",2,1992,"Alaska","AK",259,78,102,0.566666662693024,0.433333337306976,26600.30859375,2.66003084182739
"303",4,1992,"Arizona","AZ",1487,543,572,0.51300448179245,0.48699551820755,19880.3359375,1.9880336523056
"304",5,1992,"Arkansas","AR",951,506,337,0.399762749671936,0.600237250328064,18126.814453125,1.8126814365387
"305",6,1992,"California","CA",11132,5121,3631,0.414876610040665,0.585123419761658,25153.205078125,2.51532053947449
"306",8,1992,"Colorado","CO",1569,630,563,0.471919536590576,0.528080463409424,23606.572265625,2.36065721511841
"307",9,1992,"Connecticut","CT",1616,682,578,0.458730161190033,0.541269838809967,31717.73046875,3.17177295684814
"308",10,1992,"Delaware","DE",290,126,102,0.447368413209915,0.552631556987762,25352.265625,2.53522658348083
"309",12,1992,"Florida","FL",5314,2073,2173,0.51177579164505,0.48822420835495,22832.6953125,2.28326964378357
"310",13,1992,"Georgia","GA",2321,1009,995,0.496506989002228,0.503493010997772,21331.9140625,2.13319134712219
"311",15,1992,"Hawaii","HI",373,179,137,0.433544307947159,0.566455721855164,26939.158203125,2.69391584396362
"312",16,1992,"Idaho","ID",482,137,203,0.597058832645416,0.402941167354584,19115.408203125,1.91154086589813
"313",17,1992,"Illinois","IL",5050,2453,1734,0.414139002561569,0.585861027240753,25218.068359375,2.52180671691895
"314",18,1992,"Indiana","IN",2306,848,989,0.53837776184082,0.461622208356857,21289.41796875,2.12894177436829
"315",19,1992,"Iowa","IA",1355,586,505,0.462878108024597,0.537121891975403,21062.3984375,2.10623979568481
"316",20,1992,"Kansas","KS",1157,390,450,0.535714268684387,0.46428570151329,22021.916015625,2.20219159126282
"317",21,1992,"Kentucky","KY",1493,665,617,0.481279253959656,0.518720746040344,19207.109375,1.92071092128754
"318",22,1992,"Louisiana","LA",1790,816,733,0.473208516836166,0.526791453361511,18755.30859375,1.87553083896637
"319",23,1992,"Maine","ME",679,263,207,0.440425544977188,0.559574484825134,20412.65625,2.04126572608948
"320",24,1992,"Maryland","MD",1985,989,707,0.416863203048706,0.583136796951294,26995.07421875,2.69950747489929
"321",25,1992,"Massachusetts","MA",2774,1319,805,0.379001885652542,0.62099814414978,27441.283203125,2.74412822723389
"322",26,1992,"Michigan","MI",4275,1871,1555,0.453882068395615,0.546117901802063,22744.349609375,2.27443504333496
"323",27,1992,"Minnesota","MN",2348,1021,748,0.422837764024734,0.577162265777588,23980.08984375,2.39800906181335
"324",28,1992,"Mississippi","MS",982,400,488,0.549549520015717,0.450450450181961,16281.58984375,1.62815892696381
"325",29,1992,"Missouri","MO",2392,1054,811,0.434852540493011,0.565147459506989,21638.33203125,2.1638331413269
"326",30,1992,"Montana","MT",411,155,144,0.481605350971222,0.518394649028778,18862.66796875,1.88626682758331
"327",31,1992,"Nebraska","NE",738,217,344,0.613190710544586,0.386809259653091,21638.33203125,2.1638331413269
"328",32,1992,"Nevada","NV",506,189,176,0.482191771268845,0.517808198928833,24696.931640625,2.46969318389893
"329",33,1992,"New Hampshire","NH",538,209,202,0.491484194993973,0.50851583480835,24605.23046875,2.46052312850952
"330",34,1992,"New Jersey","NJ",3344,1436,1357,0.485857486724854,0.514142513275146,29503.462890625,2.95034623146057
"331",35,1992,"New Mexico","NM",570,262,213,0.448421061038971,0.551578938961029,18198.38671875,1.81983864307404
"332",36,1992,"New York","NY",6927,3444,2347,0.40528404712677,0.59471595287323,27809.2109375,2.78092098236084
"333",37,1992,"North Carolina","NC",2612,1114,1135,0.504668712615967,0.495331257581711,21071.345703125,2.10713458061218
"334",38,1992,"North Dakota","ND",308,99,136,0.578723430633545,0.421276599168777,19759.55859375,1.97595584392548
"335",39,1992,"Ohio","OH",4940,1985,1894,0.488270163536072,0.511729836463928,22435.693359375,2.24356937408447
"336",40,1992,"Oklahoma","OK",1390,473,593,0.556285202503204,0.443714827299118,19431.890625,1.94318902492523
"337",41,1992,"Oregon","OR",1463,621,476,0.433910667896271,0.566089332103729,21510.84375,2.15108442306519
"338",42,1992,"Pennsylvania","PA",4960,2239,1792,0.444554686546326,0.555445313453674,23747.48046875,2.37474799156189
"339",44,1992,"Rhode Island","RI",453,213,132,0.382608681917191,0.617391288280487,23335.939453125,2.33359384536743
"340",45,1992,"South Carolina","SC",1203,480,578,0.54631382226944,0.453686207532883,18958.84375,1.89588439464569
"341",46,1992,"South Dakota","SD",336,125,137,0.522900760173798,0.477099239826202,19904.939453125,1.99049389362335
"342",47,1992,"Tennessee","TN",1983,934,841,0.473802804946899,0.526197195053101,20774.990234375,2.07749891281128
"343",48,1992,"Texas","TX",6154,2282,2496,0.522394299507141,0.477605700492859,21154.1015625,2.1154100894928
"344",49,1992,"Utah","UT",744,183,323,0.638339936733246,0.361660093069077,18021.693359375,1.80216932296753
"345",50,1992,"Vermont","VT",290,134,88,0.396396398544312,0.603603601455688,21320.73046875,2.13207316398621
"346",51,1992,"Virginia","VA",2559,1039,1151,0.525570750236511,0.474429219961166,24391.630859375,2.43916296958923
"347",53,1992,"Washington","WA",2288,993,731,0.424013912677765,0.575986087322235,24277.5625,2.42775630950928
"348",54,1992,"West Virginia","WV",684,331,242,0.422338575124741,0.577661454677582,18018.337890625,1.80183374881744
"349",55,1992,"Wisconsin","WI",2531,1041,931,0.472109526395798,0.52789044380188,22011.849609375,2.20118498802185
"350",56,1992,"Wyoming","WY",201,68,79,0.537414968013763,0.462585031986237,21634.9765625,2.16349768638611
"351",1,1996,"Alabama","AL",1534,662,769,0.537386417388916,0.462613552808762,20081,2.0081000328064
"352",2,1996,"Alaska","AK",242,80,123,0.605911314487457,0.39408865571022,25805.001953125,2.58050012588501
"353",4,1996,"Arizona","AZ",1404,653,622,0.487843126058578,0.512156844139099,20823,2.08229994773865
"354",5,1996,"Arkansas","AR",884,475,325,0.40625,0.59375,18926,1.89260005950928
"355",6,1996,"California","CA",10019,5120,3828,0.427805095911026,0.572194874286652,25312.001953125,2.53120017051697
"356",8,1996,"Colorado","CO",1511,671,692,0.507703602313995,0.492296397686005,25570.001953125,2.55700016021729
"357",9,1996,"Connecticut","CT",1393,736,483,0.396226406097412,0.603773593902588,32424.001953125,3.24240016937256
"358",10,1996,"Delaware","DE",271,140,99,0.414225935935974,0.585774064064026,25727.001953125,2.5727002620697
"359",12,1996,"Florida","FL",5304,2547,2245,0.46848914027214,0.531510829925537,23655,2.36549997329712
"360",13,1996,"Georgia","GA",2299,1054,1081,0.506323158740997,0.49367681145668,22945,2.29450011253357
"361",15,1996,"Hawaii","HI",360,205,114,0.357366770505905,0.642633199691772,25024,2.50239992141724
"362",16,1996,"Idaho","ID",492,165,257,0.609004735946655,0.390995264053345,20248,2.02480006217957
"363",17,1996,"Illinois","IL",4311,2342,1587,0.403919577598572,0.596080422401428,26449.001953125,2.64490008354187
"364",18,1996,"Indiana","IN",2136,887,1007,0.531678974628448,0.468321025371552,22368,2.23679995536804
"365",19,1996,"Iowa","IA",1234,620,493,0.442947000265121,0.557053029537201,22521,2.25209999084473
"366",20,1996,"Kansas","KS",1074,388,583,0.600411951541901,0.399588048458099,22845,2.28449988365173
"367",21,1996,"Kentucky","KY",1389,637,623,0.49444442987442,0.50555557012558,19854,1.98539996147156
"368",22,1996,"Louisiana","LA",1784,928,713,0.434491157531738,0.565508842468262,19786,1.978600025177
"369",23,1996,"Maine","ME",606,313,186,0.372745484113693,0.627254486083984,21203,2.12030005455017
"370",24,1996,"Maryland","MD",1781,966,682,0.41383495926857,0.586165070533752,27393.001953125,2.73930025100708
"371",25,1996,"Massachusetts","MA",2557,1572,718,0.313537120819092,0.686462879180908,28933.001953125,2.8933002948761
"372",26,1996,"Michigan","MI",3849,1990,1481,0.42667818069458,0.57332181930542,24306,2.43059992790222
"373",27,1996,"Minnesota","MN",2193,1120,766,0.406150579452515,0.593849420547485,25716.001953125,2.57160019874573
"374",28,1996,"Mississippi","MS",894,394,440,0.527577936649323,0.472422063350677,17702,1.77020001411438
"375",29,1996,"Missouri","MO",2158,1026,890,0.464509397745132,0.53549063205719,22548,2.25480008125305
"376",30,1996,"Montana","MT",407,168,180,0.517241358757019,0.482758611440659,19047,1.90470004081726
"377",31,1996,"Nebraska","NE",677,237,363,0.605000019073486,0.395000010728836,23530,2.3529999256134
"378",32,1996,"Nevada","NV",464,204,199,0.493796527385712,0.506203472614288,26085.001953125,2.60850024223328
"379",33,1996,"New Hampshire","NH",499,246,196,0.443438917398453,0.55656111240387,26427.001953125,2.6427001953125
"380",34,1996,"New Jersey","NJ",3076,1652,1103,0.400362968444824,0.599637031555176,30470.001953125,3.04700016975403
"381",35,1996,"New Mexico","NM",556,273,233,0.46047431230545,0.53952568769455,19029,1.90289998054504
"382",36,1996,"New York","NY",6316,3756,1933,0.339778512716293,0.660221457481384,28424.001953125,2.84240031242371
"383",37,1996,"North Carolina","NC",2516,1108,1226,0.525278508663177,0.474721521139145,22320,2.23200011253357
"384",38,1996,"North Dakota","ND",266,107,125,0.538793087005615,0.461206883192062,21068,2.1068000793457
"385",39,1996,"Ohio","OH",4534,2148,1860,0.464071869850159,0.535928130149841,23322,2.332200050354
"386",40,1996,"Oklahoma","OK",1207,488,582,0.543925225734711,0.456074774265289,19743,1.97430002689362
"387",41,1996,"Oregon","OR",1378,650,538,0.452861964702606,0.547138035297394,23398,2.33979988098145
"388",42,1996,"Pennsylvania","PA",4506,2216,1801,0.448344528675079,0.551655471324921,24344,2.43440008163452
"389",44,1996,"Rhode Island","RI",390,233,105,0.310650885105133,0.689349114894867,24106,2.41059994697571
"390",45,1996,"South Carolina","SC",1152,506,573,0.531047284603119,0.468952745199203,20058,2.0058000087738
"391",46,1996,"South Dakota","SD",324,139,151,0.52068966627121,0.47931033372879,21488,2.14879989624023
"392",47,1996,"Tennessee","TN",1894,909,864,0.487309634685516,0.512690365314484,21854,2.18540000915527
"393",48,1996,"Texas","TX",5612,2460,2736,0.526558876037598,0.47344109416008,22120,2.21199989318848
"394",49,1996,"Utah","UT",666,222,362,0.619863033294678,0.380136996507645,19529,1.95290005207062
"395",50,1996,"Vermont","VT",258,138,80,0.366972476243973,0.633027493953705,21964,2.19639992713928
"396",51,1996,"Virginia","VA",2417,1091,1138,0.510542869567871,0.489457160234451,25034,2.50340008735657
"397",53,1996,"Washington","WA",2254,1123,841,0.428207725286484,0.571792244911194,25073,2.50729990005493
"398",54,1996,"West Virginia","WV",636,328,234,0.416370093822479,0.583629906177521,18445,1.84449994564056
"399",55,1996,"Wisconsin","WI",2196,1072,845,0.440792918205261,0.559207081794739,23273,2.32730007171631
"400",56,1996,"Wyoming","WY",212,78,105,0.573770463466644,0.426229506731033,21875,2.1875
"401",1,2000,"Alabama","AL",1666,693,941,0.575887382030487,0.424112617969513,21656.208984375,2.16562080383301
"402",2,2000,"Alaska","AK",286,79,167,0.678861796855927,0.321138203144073,27209.66796875,2.72096681594849
"403",4,2000,"Arizona","AZ",1532,685,782,0.533060669898987,0.466939330101013,23381.015625,2.3381016254425
"404",5,2000,"Arkansas","AR",922,423,473,0.527901768684387,0.47209820151329,19977.87109375,1.99778711795807
"405",6,2000,"California","CA",10966,5861,4567,0.437955498695374,0.562044501304626,29581.390625,2.95813918113708
"406",8,2000,"Colorado","CO",1741,738,884,0.545006155967712,0.454993844032288,30405.98046875,3.04059815406799
"407",9,2000,"Connecticut","CT",1460,816,561,0.407407402992249,0.592592597007751,37808.1640625,3.78081631660461
"408",10,2000,"Delaware","DE",328,180,137,0.432176649570465,0.567823350429535,28128.107421875,2.81281065940857
"409",12,2000,"Florida","FL",5963,2912,2913,0.500085830688477,0.499914169311523,25977.79296875,2.59777927398682
"410",13,2000,"Georgia","GA",2597,1116,1420,0.559936881065369,0.440063089132309,25502.173828125,2.55021739006042
"411",15,2000,"Hawaii","HI",368,205,138,0.402332365512848,0.597667634487152,25892.14453125,2.58921456336975
"412",16,2000,"Idaho","ID",502,139,337,0.707983195781708,0.292016804218292,21936.84375,2.19368433952332
"413",17,2000,"Illinois","IL",4742,2589,2019,0.438151031732559,0.561848938465118,29327.1796875,2.93271803855896
"414",18,2000,"Indiana","IN",2199,902,1246,0.580074489116669,0.419925510883331,24723.140625,2.47231411933899
"415",19,2000,"Iowa","IA",1316,639,634,0.49803614616394,0.50196385383606,24194.673828125,2.41946744918823
"416",20,2000,"Kansas","KS",1072,399,622,0.609206676483154,0.390793353319168,25233.3828125,2.52333831787109
"417",21,2000,"Kentucky","KY",1544,639,872,0.577101230621338,0.42289873957634,22244.8125,2.22448134422302
"418",22,2000,"Louisiana","LA",1766,792,928,0.539534866809845,0.460465103387833,21029.337890625,2.10293388366699
"419",23,2000,"Maine","ME",652,320,287,0.472817122936249,0.527182877063751,23664.3828125,2.36643838882446
"420",24,2000,"Maryland","MD",2020,1141,814,0.416368275880814,0.583631694316864,31213.259765625,3.12132596969604
"421",25,2000,"Massachusetts","MA",2703,1616,879,0.352304607629776,0.647695362567902,34401.375,3.44013738632202
"422",26,2000,"Michigan","MI",4233,2170,1953,0.473684221506119,0.526315808296204,26927.2109375,2.69272112846375
"423",27,2000,"Minnesota","MN",2439,1168,1110,0.487269520759583,0.512730479240417,29173.1953125,2.91731953620911
"424",28,2000,"Mississippi","MS",994,405,573,0.585889577865601,0.414110422134399,19140.525390625,1.91405248641968
"425",29,2000,"Missouri","MO",2360,1111,1190,0.517166435718536,0.482833564281464,24822.455078125,2.48224544525146
"426",30,2000,"Montana","MT",411,137,240,0.63660478591919,0.363395214080811,20894.48828125,2.08944892883301
"427",31,2000,"Nebraska","NE",697,232,434,0.651651680469513,0.348348349332809,25172.3359375,2.5172336101532
"428",32,2000,"Nevada","NV",609,280,302,0.518900334835052,0.481099665164948,27733.578125,2.77335786819458
"429",33,2000,"New Hampshire","NH",569,266,274,0.507407426834106,0.492592602968216,30430.58203125,3.04305815696716
"430",34,2000,"New Jersey","NJ",3187,1789,1284,0.417832732200623,0.582167267799377,34962.640625,3.49626398086548
"431",35,2000,"New Mexico","NM",599,287,286,0.499127388000488,0.500872611999512,20167.390625,2.01673913002014
"432",36,2000,"New York","NY",6822,4108,2403,0.36906772851944,0.63093227148056,31799.12890625,3.17991280555725
"433",37,2000,"North Carolina","NC",2911,1258,1631,0.5645552277565,0.435444802045822,24665.73828125,2.46657371520996
"434",38,2000,"North Dakota","ND",288,95,175,0.648148119449615,0.351851850748062,22878.060546875,2.28780603408813
"435",39,2000,"Ohio","OH",4702,2184,2350,0.518306136131287,0.481693863868713,25701.71484375,2.57017159461975
"436",40,2000,"Oklahoma","OK",1234,474,744,0.610837459564209,0.389162570238113,22241.16796875,2.22411680221558
"437",41,2000,"Oregon","OR",1534,720,714,0.497907936573029,0.502092063426971,25603.310546875,2.56033110618591
"438",42,2000,"Pennsylvania","PA",4913,2486,2281,0.478498011827469,0.521502017974854,27058.416015625,2.70584154129028
"439",44,2000,"Rhode Island","RI",409,250,131,0.343832015991211,0.656167984008789,26620.154296875,2.66201543807983
"440",45,2000,"South Carolina","SC",1383,566,786,0.581360936164856,0.418639063835144,22255.74609375,2.2255744934082
"441",46,2000,"South Dakota","SD",316,119,191,0.616129040718079,0.383870959281921,23436.595703125,2.34365963935852
"442",47,2000,"Tennessee","TN",2076,982,1062,0.519569456577301,0.480430513620377,23780.099609375,2.37801003456116
"443",48,2000,"Texas","TX",6408,2434,3800,0.609560489654541,0.390439510345459,25797.384765625,2.57973837852478
"444",49,2000,"Utah","UT",771,203,515,0.717270195484161,0.282729804515839,21756.435546875,2.17564344406128
"445",50,2000,"Vermont","VT",294,149,120,0.446096658706665,0.553903341293335,25220.626953125,2.5220627784729
"446",51,2000,"Virginia","VA",2739,1217,1437,0.54144686460495,0.45855313539505,28322.181640625,2.83221817016602
"447",53,2000,"Washington","WA",2487,1248,1109,0.470513373613358,0.529486656188965,28956.341796875,2.89563417434692
"448",54,2000,"West Virginia","WV",648,295,336,0.532488107681274,0.467511892318726,19955.091796875,1.99550914764404
"449",55,2000,"Wisconsin","WI",2599,1243,1237,0.498790323734283,0.501209676265717,26034.28515625,2.60342860221863
"450",56,2000,"Wyoming","WY",218,60,148,0.711538434028625,0.288461536169052,25934.05859375,2.59340596199036
